month,model,actual_ccu,baseline_ccu,signed_excess_ccu,month_hours,signed_excess_player_hours,source_url
2025-05-01,last,2332.19,381.49,1950.7,744,1451320.8,https://steamcharts.com/app/1501750
2025-06-01,last,751.14,381.49,369.65,720,266148.0,https://steamcharts.com/app/1501750
2025-07-01,last,685.88,381.49,304.39,744,226466.16,https://steamcharts.com/app/1501750
2025-08-01,last,876.24,381.49,494.75,744,368094.0,https://steamcharts.com/app/1501750
2025-09-01,last,640.4,381.49,258.90999999999997,720,186415.19999999998,https://steamcharts.com/app/1501750
2025-10-01,last,844.56,381.49,463.06999999999994,744,344524.07999999996,https://steamcharts.com/app/1501750
2025-11-01,last,596.21,381.49,214.72000000000003,720,154598.40000000002,https://steamcharts.com/app/1501750
2025-12-01,last,1513.03,381.49,1131.54,744,841865.76,https://steamcharts.com/app/1501750
2026-01-01,last,1337.77,381.49,956.28,744,711472.32,https://steamcharts.com/app/1501750
2026-02-01,last,894.57,381.49,513.08,672,344789.76,https://steamcharts.com/app/1501750
2026-03-01,last,1300.07,381.49,918.5799999999999,744,683423.5199999999,https://steamcharts.com/app/1501750
2026-04-01,last,1350.98,381.49,969.49,720,698032.8,https://steamcharts.com/app/1501750
2026-05-01,last,1056.31,381.49,674.8199999999999,744,502066.07999999996,https://steamcharts.com/app/1501750
2026-06-01,last,1641.24,381.49,1259.75,720,907020.0,https://steamcharts.com/app/1501750
2026-07-01,last,1189.04,381.49,807.55,744,600817.2,https://steamcharts.com/app/1501750
2026-08-01,last,1400.86,381.49,1019.3699999999999,744,758411.2799999999,https://steamcharts.com/app/1501750
2025-05-01,median_3,2332.19,537.94,1794.25,744,1334922.0,https://steamcharts.com/app/1501750
2025-06-01,median_3,751.14,537.94,213.19999999999993,720,153503.99999999994,https://steamcharts.com/app/1501750
2025-07-01,median_3,685.88,537.94,147.93999999999994,744,110067.35999999996,https://steamcharts.com/app/1501750
2025-08-01,median_3,876.24,537.94,338.29999999999995,744,251695.19999999995,https://steamcharts.com/app/1501750
2025-09-01,median_3,640.4,537.94,102.45999999999992,720,73771.19999999994,https://steamcharts.com/app/1501750
2025-10-01,median_3,844.56,537.94,306.6199999999999,744,228125.2799999999,https://steamcharts.com/app/1501750
2025-11-01,median_3,596.21,537.94,58.26999999999998,720,41954.39999999999,https://steamcharts.com/app/1501750
2025-12-01,median_3,1513.03,537.94,975.0899999999999,744,725466.96,https://steamcharts.com/app/1501750
2026-01-01,median_3,1337.77,537.94,799.8299999999999,744,595073.5199999999,https://steamcharts.com/app/1501750
2026-02-01,median_3,894.57,537.94,356.63,672,239655.36,https://steamcharts.com/app/1501750
2026-03-01,median_3,1300.07,537.94,762.1299999999999,744,567024.7199999999,https://steamcharts.com/app/1501750
2026-04-01,median_3,1350.98,537.94,813.04,720,585388.7999999999,https://steamcharts.com/app/1501750
2026-05-01,median_3,1056.31,537.94,518.3699999999999,744,385667.2799999999,https://steamcharts.com/app/1501750
2026-06-01,median_3,1641.24,537.94,1103.3,720,794376.0,https://steamcharts.com/app/1501750
2026-07-01,median_3,1189.04,537.94,651.0999999999999,744,484418.3999999999,https://steamcharts.com/app/1501750
2026-08-01,median_3,1400.86,537.94,862.9199999999998,744,642012.4799999999,https://steamcharts.com/app/1501750
2025-05-01,median_6,2332.19,490.32500000000005,1841.865,744,1370347.56,https://steamcharts.com/app/1501750
2025-06-01,median_6,751.14,490.32500000000005,260.81499999999994,720,187786.79999999996,https://steamcharts.com/app/1501750
2025-07-01,median_6,685.88,490.32500000000005,195.55499999999995,744,145492.91999999995,https://steamcharts.com/app/1501750
2025-08-01,median_6,876.24,490.32500000000005,385.91499999999996,744,287120.75999999995,https://steamcharts.com/app/1501750
2025-09-01,median_6,640.4,490.32500000000005,150.07499999999993,720,108053.99999999996,https://steamcharts.com/app/1501750
2025-10-01,median_6,844.56,490.32500000000005,354.2349999999999,744,263550.8399999999,https://steamcharts.com/app/1501750
2025-11-01,median_6,596.21,490.32500000000005,105.88499999999999,720,76237.2,https://steamcharts.com/app/1501750
2025-12-01,median_6,1513.03,490.32500000000005,1022.7049999999999,744,760892.5199999999,https://steamcharts.com/app/1501750
2026-01-01,median_6,1337.77,490.32500000000005,847.4449999999999,744,630499.08,https://steamcharts.com/app/1501750
2026-02-01,median_6,894.57,490.32500000000005,404.245,672,271652.64,https://steamcharts.com/app/1501750
2026-03-01,median_6,1300.07,490.32500000000005,809.7449999999999,744,602450.2799999999,https://steamcharts.com/app/1501750
2026-04-01,median_6,1350.98,490.32500000000005,860.655,720,619671.6,https://steamcharts.com/app/1501750
2026-05-01,median_6,1056.31,490.32500000000005,565.9849999999999,744,421092.8399999999,https://steamcharts.com/app/1501750
2026-06-01,median_6,1641.24,490.32500000000005,1150.915,720,828658.7999999999,https://steamcharts.com/app/1501750
2026-07-01,median_6,1189.04,490.32500000000005,698.7149999999999,744,519843.95999999996,https://steamcharts.com/app/1501750
2026-08-01,median_6,1400.86,490.32500000000005,910.5349999999999,744,677438.0399999999,https://steamcharts.com/app/1501750
2025-05-01,median_12,2332.19,458.73,1873.46,744,1393854.24,https://steamcharts.com/app/1501750
2025-06-01,median_12,751.14,458.73,292.40999999999997,720,210535.19999999998,https://steamcharts.com/app/1501750
2025-07-01,median_12,685.88,458.73,227.14999999999998,744,168999.59999999998,https://steamcharts.com/app/1501750
2025-08-01,median_12,876.24,458.73,417.51,744,310627.44,https://steamcharts.com/app/1501750
2025-09-01,median_12,640.4,458.73,181.66999999999996,720,130802.39999999997,https://steamcharts.com/app/1501750
2025-10-01,median_12,844.56,458.73,385.8299999999999,744,287057.51999999996,https://steamcharts.com/app/1501750
2025-11-01,median_12,596.21,458.73,137.48000000000002,720,98985.6,https://steamcharts.com/app/1501750
2025-12-01,median_12,1513.03,458.73,1054.3,744,784399.2,https://steamcharts.com/app/1501750
2026-01-01,median_12,1337.77,458.73,879.04,744,654005.76,https://steamcharts.com/app/1501750
2026-02-01,median_12,894.57,458.73,435.84000000000003,672,292884.48000000004,https://steamcharts.com/app/1501750
2026-03-01,median_12,1300.07,458.73,841.3399999999999,744,625956.96,https://steamcharts.com/app/1501750
2026-04-01,median_12,1350.98,458.73,892.25,720,642420.0,https://steamcharts.com/app/1501750
2026-05-01,median_12,1056.31,458.73,597.5799999999999,744,444599.51999999996,https://steamcharts.com/app/1501750
2026-06-01,median_12,1641.24,458.73,1182.51,720,851407.2,https://steamcharts.com/app/1501750
2026-07-01,median_12,1189.04,458.73,730.31,744,543350.64,https://steamcharts.com/app/1501750
2026-08-01,median_12,1400.86,458.73,942.1299999999999,744,700944.7199999999,https://steamcharts.com/app/1501750
2025-05-01,log_trend_6,2332.19,608.0965726377138,1724.093427362286,744,1282725.5099575408,https://steamcharts.com/app/1501750
2025-06-01,log_trend_6,751.14,651.0622230589688,100.07777694103117,720,72055.99939754244,https://steamcharts.com/app/1501750
2025-07-01,log_trend_6,685.88,697.0586689222785,-11.178668922278462,744,-8316.929678175176,https://steamcharts.com/app/1501750
2025-08-01,log_trend_6,876.24,746.2997024295888,129.9402975704112,744,96675.58139238592,https://steamcharts.com/app/1501750
2025-09-01,log_trend_6,640.4,799.0141966771132,-158.61419667711323,720,-114202.22160752153,https://steamcharts.com/app/1501750
2025-10-01,log_trend_6,844.56,855.4471694610775,-10.88716946107752,744,-8100.054079041674,https://steamcharts.com/app/1501750
2025-11-01,log_trend_6,596.21,915.860922124278,-319.65092212427794,720,-230148.66392948013,https://steamcharts.com/app/1501750
2025-12-01,log_trend_6,1513.03,980.5362587368388,532.4937412631612,744,396175.3434997919,https://steamcharts.com/app/1501750
2026-01-01,log_trend_6,1337.77,1049.7737912779353,287.9962087220647,744,214269.17928921612,https://steamcharts.com/app/1501750
2026-02-01,log_trend_6,894.57,1123.895336884986,-229.32533688498586,672,-154106.6263867105,https://steamcharts.com/app/1501750
2026-03-01,log_trend_6,1300.07,1203.2454136647605,96.82458633523947,744,72037.49223341816,https://steamcharts.com/app/1501750
2026-04-01,log_trend_6,1350.98,1288.192842018942,62.787157981058044,720,45206.75374636179,https://steamcharts.com/app/1501750
2026-05-01,log_trend_6,1056.31,1379.13245892714,-322.82245892714013,744,-240179.90944179226,https://steamcharts.com/app/1501750
2026-06-01,log_trend_6,1641.24,1476.486953155366,164.7530468446339,720,118622.19372813641,https://steamcharts.com/app/1501750
2026-07-01,log_trend_6,1189.04,1580.708829920049,-391.6688299200491,744,-291401.60946051654,https://steamcharts.com/app/1501750
2026-08-01,log_trend_6,1400.86,1692.2825141393816,-291.42251413938175,744,-216818.35051970003,https://steamcharts.com/app/1501750
2025-05-01,control_median_6,2332.19,413.4707226349671,1918.719277365033,744,1427527.1423595846,https://steamcharts.com/app/1501750
2025-06-01,control_median_6,751.14,556.7196431289326,194.42035687106738,720,139982.65694716852,https://steamcharts.com/app/1501750
2025-07-01,control_median_6,685.88,448.349241123731,237.53075887626898,744,176722.8846039441,https://steamcharts.com/app/1501750
2025-08-01,control_median_6,876.24,455.80246612575274,420.43753387424726,744,312805.52520244,https://steamcharts.com/app/1501750
2025-09-01,control_median_6,640.4,356.14066053404883,284.25933946595114,720,204666.72441548482,https://steamcharts.com/app/1501750
2025-10-01,control_median_6,844.56,378.2050494927928,466.35495050720715,744,346968.0831773621,https://steamcharts.com/app/1501750
2025-11-01,control_median_6,596.21,387.43280593594176,208.77719406405828,720,150319.57972612197,https://steamcharts.com/app/1501750
2025-12-01,control_median_6,1513.03,430.2336838320636,1082.7963161679363,744,805600.4592289446,https://steamcharts.com/app/1501750
2026-01-01,control_median_6,1337.77,409.4794848976435,928.2905151023565,744,690648.1432361532,https://steamcharts.com/app/1501750
2026-02-01,control_median_6,894.57,399.821030560942,494.74896943905804,672,332471.307463047,https://steamcharts.com/app/1501750
2026-03-01,control_median_6,1300.07,383.448494160206,916.6215058397939,744,681966.4003448067,https://steamcharts.com/app/1501750
2026-04-01,control_median_6,1350.98,383.18581145844263,967.7941885415573,720,696811.8157499213,https://steamcharts.com/app/1501750
2026-05-01,control_median_6,1056.31,389.34269629672883,666.9673037032711,744,496223.6739552337,https://steamcharts.com/app/1501750
2026-06-01,control_median_6,1641.24,448.0215483147797,1193.2184516852203,720,859117.2852133586,https://steamcharts.com/app/1501750
2026-07-01,control_median_6,1189.04,461.63562805142,727.40437194858,744,541188.8527297435,https://steamcharts.com/app/1501750
2026-08-01,control_median_6,1400.86,467.63368255490036,933.2263174450995,744,694320.3801791541,https://steamcharts.com/app/1501750
